710000,台湾省,province
530000,云南省,province
450000,广西壮族自治区,province
654000,伊犁哈萨克自治州,city
640400,固原市,city
659001,石河子市,city
510900,遂宁市,city
650400,吐鲁番市,city
310000,上海市,province
520600,铜仁市,city
620500,天水市,city
220000,吉林省,province
621200,陇南市,city
610300,宝鸡市,city
530600,昭通市,city
469026,昌江黎族自治县,city
513300,甘孜藏族自治州,city
469005,文昌市,city
469030,琼中黎族苗族自治县,city
469007,东方市,city
451300,来宾市,city
441300,惠州市,city
450600,防城港市,city
510100,成都市,city
510300,自贡市,city
420200,黄石市,city
420300,十堰市,city
420600,襄阳市,city
430700,常德市,city
360800,吉安市,city
350900,宁德市,city
341800,宣城市,city
340300,蚌埠市,city
340400,淮南市,city
150900,乌兰察布市,city
140600,朔州市,city
130300,秦皇岛市,city
130600,保定市,city
130900,沧州市,city
320400,常州市,city
232700,大兴安岭地区,city
210100,沈阳市,city
230100,哈尔滨市,city
230200,齐齐哈尔市,city
652902,库车市,district
810010,荃湾区,district
654028,尼勒克县,district
654202,乌苏市,district
654027,特克斯县,district
652828,和硕县,district
650422,托克逊县,district
652301,昌吉市,district
652323,呼图壁县,district
632322,尖扎县,district
630225,循化撒拉族自治县,district
620111,红古区,district
632223,海晏县,district
620104,西固区,district
632801,格尔木市,district
654226,和布克赛尔蒙古自治县,district
640202,大武口区,district
640522,海原县,district
623021,临潭县,district
622923,永靖县,district
622922,康乐县,district
622926,东乡族自治县,district
623023,舟曲县,district
621023,华池县,district
620981,玉门市,district
620522,秦安县,district
620922,瓜州县,district
620122,皋兰县,district
620622,古浪县,district
620402,白银区,district
610502,临渭区,district
610725,勉县,district
610426,永寿县,district
610204,耀州区,district
610327,陇县,district
610115,临潼区,district
610330,凤县,district
540325,察雅县,district
540104,达孜区,district
540228,白朗县,district
540103,堆龙德庆区,district
540202,桑珠孜区,district
610923,宁陕县,district
530622,巧家县,district
530129,寻甸回族彝族自治县,district
530322,陆良县,district
530425,易门县,district
530115,晋宁区,district
530325,富源县,district
530521,施甸县,district
542525,革吉县,district
542521,普兰县,district
532923,祥云县,district
532624,麻栗坡县,district
532822,勐海县,district
533423,维西傈僳族自治县,district
530827,孟连傣族拉祜族佤族自治县,district
532523,屏边苗族自治县,district
530923,永德县,district
530724,宁蒗彝族自治县,district
532530,金平苗族瑶族傣族自治县,district
532328,元谋县,district
532531,绿春县,district
530825,镇沅彝族哈尼族拉祜族自治县,district
522325,贞丰县,district
520329,余庆县,district
520423,镇宁布依族苗族自治县,district
520425,紫云苗族布依族自治县,district
520303,汇川区,district
520322,桐梓县,district
520323,绥阳县,district
520201,钟山区,district
520330,习水县,district
510504,龙马潭区,district
510604,罗江区,district
510321,荣县,district
522729,长顺县,district
510183,邛崃市,district
510114,新都区,district
510121,金堂县,district
510129,大邑县,district
510131,蒲江县,district
511681,华蓥市,district
511902,巴州区,district
511133,马边彝族自治县,district
511381,阆中市,district
511181,峨眉山市,district
510903,船山区,district
500114,黔江区,district
500106,沙坪坝区,district
500108,南岸区,district
500151,铜梁区,district
500230,丰都县,district
513426,会东县,district
513338,得荣县,district
513422,木里藏族自治县,district
513423,盐源县,district
513324,九龙县,district
450321,阳朔县,district
450311,雁山区,district
450381,荔浦市,district
450702,钦南区,district
450326,永福县,district
450222,柳城县,district
450102,兴宁区,district
450126,宾阳县,district
450203,鱼峰区,district
440281,乐昌市,district
440303,罗湖区,district
440118,增城区,district
440105,海珠区,district
450981,北流市,district
451221,南丹县,district
451425,天等县,district
451225,罗城仫佬族自治县,district
451302,兴宾区,district
451027,凌云县,district
451028,乐业县,district
451029,田林县,district
441303,惠阳区,district
441702,江城区,district
441427,蕉岭县,district
441704,阳东区,district
440513,潮阳区,district
440785,恩平市,district
440515,澄海区,district
440811,麻章区,district
440507,龙湖区,district
440703,蓬江区,district
430406,雁峰区,district
430502,双清区,district
430527,绥宁县,district
430528,新宁县,district
430405,珠晖区,district
430102,芙蓉区,district
445203,揭东区,district
430104,岳麓区,district
445321,新兴县,district
441882,连州市,district
445103,潮安区,district
420106,武昌区,district
431381,冷水江市,district
431223,辰溪县,district
433127,永顺县,district
420104,硚口区,district
431128,新田县,district
431281,洪江市,district
431103,冷水滩区,district
430902,资阳区,district
431124,道县,district
431024,嘉禾县,district
430726,石门县,district
431127,蓝山县,district
420922,大悟县,district
420527,秭归县,district
420502,西陵区,district
420504,点军区,district
420322,郧西县,district
420325,房县,district
420204,下陆区,district
410183,新密市,district
410103,二七区,district
421303,曾都区,district
421224,通山县,district
421202,咸安区,district
422822,建始县,district
410803,中站区,district
410711,牧野区,district
410527,内黄县,district
410505,殷都区,district
411330,桐柏县,district
411203,陕州区,district
410883,孟州市,district
370681,龙口市,district
370323,沂源县,district
370613,莱山区,district
370212,崂山区,district
370215,即墨区,district
411729,新蔡县,district
371326,平邑县,district
371521,阳谷县,district
371311,罗庄区,district
370827,鱼台县,district
370781,青州市,district
370783,寿光市,district
360735,石城县,district
360802,吉州区,district
360702,章贡区,district
360124,进贤县,district
360203,珠山区,district
371681,邹平市,district
360113,红谷滩区,district
350213,翔安区,district
360983,高安市,district
361128,鄱阳县,district
361130,婺源县,district
350104,仓山区,district
360922,万载县,district
360923,上高县,district
350625,长泰区,district
350628,平和县,district
350629,华安县,district
350825,连城县,district
350725,政和县,district
350505,泉港区,district
340207,鸠江区,district
340103,庐阳区,district
350925,周宁县,district
341323,灵璧县,district
341821,郎溪县,district
341321,砀山县,district
341723,青阳县,district
341225,阜南县,district
341502,金安区,district
341002,屯溪区,district
341004,徽州区,district
341125,定远县,district
330482,平湖市,district
330122,桐庐县,district
330106,西湖区,district
330922,嵊泗县,district
331002,椒江区,district
330784,永康市,district
330822,常山县,district
330824,开化县,district
320412,武进区,district
320508,姑苏区,district
320381,新沂市,district
320481,溧阳市,district
320117,溧水区,district
320105,建邺区,district
331121,青田县,district
331102,莲都区,district
320113,栖霞区,district
331125,云和县,district
310104,徐汇区,district
310106,静安区,district
321323,泗阳县,district
310110,杨浦区,district
310120,奉贤区,district
230103,南岗区,district
321282,靖江市,district
320826,涟水县,district
321023,宝应县,district
321012,江都区,district
320681,启东市,district
320903,盐都区,district
230722,嘉荫县,district
230605,红岗区,district
230718,乌翠区,district
230225,甘南县,district
230128,通河县,district
230304,滴道区,district
230202,龙沙区,district
230204,铁锋区,district
230402,向阳区,district
230123,依兰县,district
220202,昌邑区,district
220221,永吉县,district
220282,桦甸市,district
220283,舒兰市,district
210104,大东区,district
220402,龙山区,district
230822,桦南县,district
231202,北林区,district
231086,东宁市,district
231123,逊克县,district
231223,青冈县,district
231226,绥棱县,district
231081,绥芬河市,district
230811,郊区,district
231282,肇东市,district
231002,东安区,district
232722,塔河县,district
231084,宁安市,district
210703,凌河区,district
210781,凌海市,district
210882,大石桥市,district
210782,北镇市,district
210124,法库县,district
210281,瓦房店市,district
150422,巴林左旗,district
150202,东河区,district
150206,白云鄂博矿区,district
211011,太子河区,district
211223,西丰县,district
211003,文圣区,district
140106,迎泽区,district
152923,额济纳旗,district
150623,鄂托克前旗,district
140525,泽州县,district
140602,朔城区,district
140603,平鲁区,district
140181,古交市,district
140221,阳高县,district
140931,保德县,district
140724,昔阳县,district
130133,赵县,district
130181,辛集市,district
130183,晋州市,district
130203,路北区,district
130209,曹妃甸区,district
130204,古冶区,district
130108,裕华区,district
141125,柳林县,district
130535,临西县,district
130525,隆尧县,district
130607,满城区,district
130321,青龙满族自治县,district
130404,复兴区,district
130406,峰峰矿区,district
130306,抚宁区,district
130922,青县,district
130926,肃宁县,district
131103,冀州区,district
130984,河间市,district
130726,蔚县,district
130825,隆化县,district
130903,运河区,district
130629,容城县,district
120118,静海区,district
120119,蓟州区,district
120112,津南区,district
120102,河东区,district
120111,西青区,district
131128,阜城县,district
131182,深州市,district
620000,甘肃省,province
630000,青海省,province
653100,喀什地区,city
653200,和田地区,city
654200,塔城地区,city
659003,图木舒克市,city
632500,海南藏族自治州,city
130000,河北省,province
540200,日喀则市,city
620700,张掖市,city
410200,开封市,city
540300,昌都市,city
533100,德宏傣族景颇族自治州,city
540400,林芝市,city
540500,山南市,city
533400,迪庆藏族自治州,city
610500,渭南市,city
530900,临沧市,city
469023,澄迈县,city
440400,珠海市,city
522700,黔南布依族苗族自治州,city
440600,佛山市,city
441500,汕尾市,city
421100,黄冈市,city
420800,荆门市,city
430400,衡阳市,city
371100,日照市,city
360900,宜春市,city
370400,枣庄市,city
410300,洛阳市,city
371300,临沂市,city
411600,周口市,city
370100,济南市,city
360100,南昌市,city
350600,漳州市,city
330700,金华市,city
330100,杭州市,city
152200,兴安盟,city
141000,临汾市,city
141100,吕梁市,city
150400,赤峰市,city
210500,本溪市,city
131100,衡水市,city
140300,阳泉市,city
320700,连云港市,city
321100,镇江市,city
321300,宿迁市,city
230900,七台河市,city
650105,水磨沟区,district
810014,大埔区,district
650103,沙依巴克区,district
810007,九龙城区,district
820006,嘉模堂区,district
820007,路凼填海区,district
654022,察布查尔锡伯自治县,district
652929,柯坪县,district
654023,霍城县,district
653225,策勒县,district
654003,奎屯市,district
653129,伽师县,district
652927,乌什县,district
652723,温泉县,district
652829,博湖县,district
650521,巴里坤哈萨克自治县,district
652825,且末县,district
632323,泽库县,district
630222,民和回族土族自治县,district
630224,化隆回族自治县,district
632701,玉树市,district
632621,玛沁县,district
632221,门源回族自治县,district
632724,治多县,district
632803,茫崖市,district
630121,大通回族土族自治县,district
640122,贺兰县,district
630105,城北区,district
654301,阿勒泰市,district
654323,福海县,district
654223,沙湾市,district
621125,漳县,district
621126,岷县,district
623001,合作市,district
621025,正宁县,district
621225,西和县,district
621226,礼县,district
621027,镇原县,district
621102,安定区,district
620821,泾川县,district
620823,崇信县,district
620123,榆中县,district
620321,永昌县,district
610726,宁强县,district
610118,鄠邑区,district
610222,宜君县,district
610104,莲湖区,district
610404,渭城区,district
610303,金台区,district
610111,灞桥区,district
610326,眉县,district
610114,阎良区,district
610329,麟游县,district
610424,乾县,district
623027,夏河县,district
540229,仁布县,district
540227,谢通门县,district
540230,康马县,district
540330,边坝县,district
540123,尼木县,district
540124,曲水县,district
540302,卡若区,district
611024,山阳县,district
610902,汉滨区,district
610825,定边县,district
610826,绥德县,district
530524,昌宁县,district
530324,罗平县,district
530428,元江哈尼族彝族傣族自治县,district
530502,隆阳区,district
530625,永善县,district
530523,龙陵县,district
530125,宜良县,district
540531,浪卡子县,district
540625,申扎县,district
540627,班戈县,district
542527,措勤县,district
540628,巴青县,district
540422,米林县,district
540424,波密县,district
520121,开阳县,district
532931,剑川县,district
533102,瑞丽市,district
532626,丘北县,district
533401,香格里拉市,district
533325,兰坪白族普米族自治县,district
533103,芒市,district
532622,砚山县,district
532925,弥渡县,district
532322,双柏县,district
530722,永胜县,district
530723,华坪县,district
532525,石屏县,district
532528,元阳县,district
530681,水富市,district
522326,望谟县,district
520622,玉屏侗族自治县,district
520627,沿河土家族自治县,district
522601,凯里市,district
520221,水城区,district
520422,普定县,district
520521,大方县,district
520326,务川仡佬族苗族自治县,district
520382,仁怀市,district
520402,西秀区,district
510503,纳溪区,district
510521,泸县,district
510682,什邡市,district
510108,成华区,district
522725,瓮安县,district
510116,双流区,district
510117,郫都区,district
522701,都匀市,district
511529,屏山县,district
511921,通江县,district
511903,恩阳区,district
511703,达川区,district
511323,蓬安县,district
511324,仪陇县,district
510921,蓬溪县,district
511083,隆昌市,district
510823,剑阁县,district
513429,布拖县,district
513431,昭觉县,district
500111,大足区,district
513224,松潘县,district
513322,泸定县,district
450305,七星区,district
450332,恭城瑶族自治县,district
450423,蒙山县,district
450223,鹿寨县,district
450103,青秀区,district
450108,良庆区,district
450224,融安县,district
450124,马山县,district
450225,融水苗族自治县,district
500233,忠县,district
500243,彭水苗族土家族自治县,district
460105,秀英区,district
460106,龙华区,district
440402,香洲区,district
440307,龙岗区,district
440309,龙华区,district
440311,光明区,district
440403,斗门区,district
440111,白云区,district
440229,翁源县,district
451123,富川瑶族自治县,district
451324,金秀瑶族自治县,district
451031,隆林各族自治县,district
441623,连平县,district
441423,丰顺县,district
440983,信宜市,district
441202,端州区,district
440607,三水区,district
440514,潮南区,district
440981,高州市,district
440705,新会区,district
430581,武冈市,district
430582,邵东市,district
430407,石鼓区,district
430426,祁东县,district
430321,湘潭县,district
430529,城步苗族自治县,district
430103,天心区,district
430182,宁乡市,district
445224,惠来县,district
445381,罗定市,district
420112,东西湖区,district
433123,凤凰县,district
433124,花垣县,district
430822,桑植县,district
430903,赫山区,district
430624,湘阴县,district
430703,鼎城区,district
431003,苏仙区,district
420626,保康县,district
420529,五峰土家族自治县,district
420822,沙洋县,district
420882,京山市,district
421024,江陵县,district
420506,夷陵区,district
420503,伍家岗区,district
420324,竹溪县,district
420505,猇亭区,district
420202,黄石港区,district
410108,惠济区,district
410223,尉氏县,district
422828,鹤峰县,district
422825,宣恩县,district
421223,崇阳县,district
422827,来凤县,district
421083,洪湖市,district
410721,新乡县,district
410622,淇县,district
410781,卫辉市,district
410823,武陟县,district
410581,林州市,district
410481,舞钢市,district
410425,郏县,district
411402,梁园区,district
411622,西华县,district
411521,罗山县,district
411627,太康县,district
411526,潢川县,district
411621,扶沟县,district
411282,灵宝市,district
411081,禹州市,district
411002,魏都区,district
410902,华龙区,district
370502,东营区,district
370523,广饶县,district
370602,芝罘区,district
370682,莱阳市,district
370322,高青县,district
370612,牟平区,district
411725,确山县,district
370202,市南区,district
370102,历下区,district
370117,钢城区,district
370114,章丘区,district
371524,东阿县,district
371428,武城县,district
371323,沂水县,district
370883,邹城市,district
370911,岱岳区,district
370811,任城区,district
371312,河东区,district
370829,嘉祥县,district
370785,高密市,district
370881,曲阜市,district
360681,贵溪市,district
360830,永新县,district
360733,会昌县,district
360827,遂川县,district
360729,全南县,district
360425,永修县,district
360521,分宜县,district
360403,浔阳区,district
360222,浮梁县,district
360321,莲花县,district
360323,芦溪县,district
360104,青云谱区,district
350112,长乐区,district
350125,永泰县,district
361026,宜黄县,district
361125,横峰县,district
361129,万年县,district
361028,资溪县,district
350702,延平区,district
350703,建阳区,district
350582,晋江市,district
350782,武夷山市,district
350426,尤溪县,district
350521,惠安县,district
340322,五河县,district
340402,大通区,district
340522,含山县,district
340602,杜集区,district
340211,繁昌区,district
350982,福鼎市,district
340102,瑶海区,district
340124,庐江县,district
341825,旌德县,district
330903,普陀区,district
341181,天长市,district
341204,颍泉区,district
330402,南湖区,district
330723,武义县,district
330683,嵊州市,district
330703,金东区,district
330113,临平区,district
330203,海曙区,district
330111,富阳区,district
330921,岱山县,district
320507,相城区,district
320402,天宁区,district
320404,钟楼区,district
320322,沛县,district
320582,张家港市,district
320585,太仓市,district
320213,梁溪区,district
320505,虎丘区,district
320116,六合区,district
331083,玉环市,district
331081,温岭市,district
331126,庆元县,district
331127,景宁畲族自治县,district
310107,普陀区,district
230102,道里区,district
310112,闵行区,district
310113,宝山区,district
321281,兴化市,district
320830,盱眙县,district
320724,灌南县,district
320682,如皋市,district
320685,海安市,district
230623,林甸县,district
230622,肇源县,district
230717,伊美区,district
230127,木兰县,district
230231,拜泉县,district
230203,建华区,district
230307,麻山区,district
230224,泰来县,district
220421,东丰县,district
222403,敦化市,district
220523,辉南县,district
220524,柳河县,district
220723,乾安县,district
210103,沈河区,district
220881,洮南市,district
220302,铁西区,district
220303,铁东区,district
220323,伊通满族自治县,district
220104,朝阳区,district
230882,富锦市,district
230904,茄子河区,district
231283,海伦市,district
231003,阳明区,district
210503,溪湖区,district
210726,黑山县,district
210303,铁西区,district
210311,千山区,district
210321,台安县,district
210203,西岗区,district
210214,普兰店区,district
210112,浑南区,district
210302,铁东区,district
150521,科尔沁左翼中旗,district
150402,红山区,district
150404,松山区,district
150121,土默特左旗,district
150122,托克托县,district
150603,康巴什区,district
150124,清水河县,district
150602,东胜区,district
150204,青山区,district
211103,兴隆台区,district
152531,多伦县,district
152528,镶黄旗,district
152502,锡林浩特市,district
150926,察哈尔右翼前旗,district
150624,鄂托克旗,district
150821,五原县,district
150727,新巴尔虎右旗,district
150826,杭锦后旗,district
150922,化德县,district
140581,高平市,district
140224,灵丘县,district
140107,杏花岭区,district
140108,尖草坪区,district
140226,左云县,district
140404,上党区,district
140303,矿区,district
140927,神池县,district
140928,五寨县,district
140929,岢岚县,district
141021,曲沃县,district
140921,定襄县,district
140881,永济市,district
130111,栾城区,district
130121,井陉县,district
130129,赞皇县,district
130130,无极县,district
130208,丰润区,district
130581,南宫市,district
130434,魏县,district
130403,丛台区,district
130431,鸡泽县,district
130284,滦州市,district
130324,卢龙县,district
130925,盐山县,district
130722,张北县,district
130636,顺平县,district
130705,宣化区,district
120101,和平区,district
120105,河北区,district
120110,东丽区,district
131126,故城县,district
110106,丰台区,district
650000,新疆维吾尔自治区,province
410000,河南省,province
340000,安徽省,province
652700,博尔塔拉蒙古自治州,city
630200,海东市,city
632300,黄南藏族自治州,city
659002,阿拉尔市,city
632700,玉树藏族自治州,city
659010,胡杨河市,city
520500,毕节市,city
620600,武威市,city
520400,安顺市,city
530700,丽江市,city
469027,乐东黎族自治县,city
511300,南充市,city
513400,凉山彝族自治州,city
460400,儋州市,city
511400,眉山市,city
460100,海口市,city
450100,南宁市,city
469006,万宁市,city
469024,临高县,city
469025,白沙黎族自治县,city
510500,泸州市,city
510700,绵阳市,city
420100,武汉市,city
441600,河源市,city
441700,阳江市,city
445100,潮州市,city
430100,长沙市,city
430500,邵阳市,city
430900,益阳市,city
431000,郴州市,city
370200,青岛市,city
410800,焦作市,city
410900,濮阳市,city
411300,南阳市,city
370700,潍坊市,city
360200,景德镇市,city
360400,九江市,city
330400,嘉兴市,city
340800,安庆市,city
341500,六安市,city
340100,合肥市,city
820003,望德堂区,district
140900,忻州市,city
150300,乌海市,city
210300,鞍山市,city
210700,锦州市,city
210800,营口市,city
211200,铁岭市,city
140400,长治市,city
231000,牡丹江市,city
220100,长春市,city
220300,四平市,city
220400,辽源市,city
222400,延边朝鲜族自治州,city
810015,西贡区,district
650107,达坂城区,district
650121,乌鲁木齐县,district
810011,屯门区,district
653127,麦盖提县,district
654021,伊宁县,district
653128,岳普湖县,district
653221,和田县,district
653222,墨玉县,district
654221,额敏县,district
654024,巩留县,district
653126,叶城县,district
653226,于田县,district
652925,新和县,district
652722,精河县,district
652801,库尔勒市,district
652822,轮台县,district
652702,阿拉山口市,district
632224,刚察县,district
630203,平安区,district
630223,互助土族自治县,district
632626,玛多县,district
632623,甘德县,district
630106,湟中区,district
640302,利通区,district
630104,城西区,district
654321,布尔津县,district
640381,青铜峡市,district
640423,隆德县,district
654324,哈巴河县,district
640425,彭阳县,district
640104,兴庆区,district
621221,成县,district
621224,康县,district
621026,宁县,district
621228,两当县,district
621123,渭源县,district
620721,肃南裕固族自治县,district
620421,靖远县,district
610524,合阳县,district
610602,宝塔区,district
610722,城固县,district
610627,甘泉县,district
610724,西乡县,district
610528,富平县,district
610402,秦都区,district
610102,新城区,district
610103,碑林区,district
540121,林周县,district
540327,左贡县,district
540329,洛隆县,district
540321,江达县,district
540402,巴宜区,district
540323,类乌齐县,district
610803,横山区,district
610924,紫阳县,district
610928,旬阳市,district
611026,柞水县,district
611022,丹凤县,district
610831,子洲县,district
530124,富民县,district
530602,昭阳区,district
530326,会泽县,district
530621,鲁甸县,district
530181,安宁市,district
530403,江川区,district
530113,东川区,district
530424,华宁县,district
530623,盐津县,district
530103,盘龙区,district
530126,石林彝族自治县,district
542523,噶尔县,district
540626,索县,district
540629,尼玛县,district
540630,双湖县,district
540529,隆子县,district
533124,陇川县,district
532601,文山市,district
532504,弥勒市,district
532524,建水县,district
530924,镇康县,district
530927,沧源佤族自治县,district
530802,思茅区,district
522302,兴仁市,district
522324,晴隆县,district
520626,德江县,district
520628,松桃苗族自治县,district
520524,织金县,district
520526,威宁彝族回族苗族自治县,district
520203,六枝特区,district
520527,赫章县,district
520281,盘州市,district
520522,黔西市,district
520325,道真仡佬族苗族自治县,district
520381,赤水市,district
510704,游仙区,district
510322,富顺县,district
510722,三台县,district
510303,贡井区,district
510522,合江县,district
510725,梓潼县,district
510115,温江区,district
511827,宝兴县,district
511825,天全县,district
511527,筠连县,district
511722,宣汉县,district
510923,大英县,district
511025,资中县,district
511102,市中区,district
511322,营山县,district
500119,南川区,district
500229,城口县,district
513326,道孚县,district
513222,理县,district
513223,茂县,district
513336,乡城县,district
513227,小金县,district
512002,雁江区,district
513228,黑水县,district
450327,灌阳县,district
450312,临桂区,district
450621,上思县,district
450481,岑溪市,district
450302,秀峰区,district
460108,美兰区,district
440982,化州市,district
440404,金湾区,district
451423,龙州县,district
451202,金城江区,district
451203,宜州区,district
450881,桂平市,district
450922,陆川县,district
450924,兴业县,district
451424,大新县,district
451002,右江区,district
451222,天峨县,district
451024,德保县,district
451121,昭平县,district
450821,平南县,district
451421,扶绥县,district
441322,博罗县,district
441624,和平县,district
441204,高要区,district
441223,广宁县,district
441323,惠东县,district
441424,五华县,district
441481,兴宁市,district
441581,陆丰市,district
441324,龙门县,district
440802,赤坎区,district
440804,坡头区,district
440605,南海区,district
430522,新邵县,district
430423,衡山县,district
430223,攸县,district
430224,茶陵县,district
445202,榕城区,district
430105,开福区,district
430204,石峰区,district
433101,吉首市,district
431023,永兴县,district
431122,东安县,district
431125,江永县,district
430723,澧县,district
430725,桃源县,district
430626,平江县,district
431027,桂东县,district
430821,慈利县,district
430682,临湘市,district
420114,蔡甸区,district
420281,大冶市,district
410305,涧西区,district
410181,巩义市,district
410225,兰考县,district
410302,老城区,district
421321,随县,district
421102,黄州区,district
410602,鹤山区,district
410811,山阳区,district
410822,博爱县,district
410704,凤泉区,district
410403,卫东区,district
410326,汝阳县,district
410526,滑县,district
411423,宁陵县,district
411502,浉河区,district
411424,柘城县,district
411625,郸城县,district
411426,夏邑县,district
411224,卢氏县,district
411025,襄城县,district
411102,源汇区,district
411104,召陵区,district
410825,温县,district
411003,建安区,district
370683,莱州市,district
370703,寒亭区,district
370214,城阳区,district
370203,市北区,district
370211,黄岛区,district
411681,项城市,district
370105,天桥区,district
370112,历城区,district
371423,庆云县,district
371427,夏津县,district
371328,蒙阴县,district
371602,滨城区,district
371403,陵城区,district
371621,惠民县,district
371522,莘县,district
360429,湖口县,district
360823,峡江县,district
360730,宁都县,district
360481,瑞昌市,district
371722,单县,district
360404,柴桑区,district
360281,乐平市,district
371725,郓城县,district
371702,牡丹区,district
350122,连江县,district
350211,集美区,district
350212,同安区,district
361021,南城县,district
350105,马尾区,district
350111,晋安区,district
350626,东山县,district
350722,浦城县,district
350581,石狮市,district
350783,建瓯市,district
350525,永春县,district
340403,田家庵区,district
340422,寿县,district
350921,霞浦县,district
340122,肥东县,district
341524,金寨县,district
341621,涡阳县,district
341721,东至县,district
340826,宿松县,district
341182,明光市,district
341021,歙县,district
340825,太湖县,district
330523,安吉县,district
330382,乐清市,district
330383,龙港市,district
330411,秀洲区,district
330483,桐乡市,district
330502,吴兴区,district
330329,泰顺县,district
330127,淳安县,district
330281,余姚市,district
330781,兰溪市,district
330782,义乌市,district
330783,东阳市,district
330803,衢江区,district
320312,铜山区,district
320118,高淳区,district
320211,滨湖区,district
320581,常熟市,district
320303,云龙区,district
331082,临海市,district
320106,鼓楼区,district
331124,松阳县,district
321322,沭阳县,district
321183,句容市,district
310151,崇明区,district
230804,前进区,district
220113,九台区,district
321112,丹徒区,district
310114,嘉定区,district
321283,泰兴市,district
320813,洪泽区,district
320706,海州区,district
321102,京口区,district
321111,润州区,district
220182,榆树市,district
320831,金湖县,district
320904,大丰区,district
230505,四方台区,district
230621,肇州县,district
230781,铁力市,district
230523,宝清县,district
230719,友好区,district
230124,方正县,district
230125,宾县,district
230126,巴彦县,district
230129,延寿县,district
230403,工农区,district
220521,通化县,district
220281,蛟河市,district
222424,汪清县,district
220284,磐石市,district
220322,梨树县,district
220403,西安区,district
220103,宽城区,district
231222,兰西县,district
230881,同江市,district
230805,东风区,district
210624,宽甸满族自治县,district
210421,抚顺县,district
210681,东港市,district
210411,顺城区,district
210603,振兴区,district
210114,于洪区,district
210115,辽中区,district
150502,科尔沁区,district
150304,乌达区,district
150103,回民区,district
150302,海勃湾区,district
150123,和林格尔县,district
150526,扎鲁特旗,district
150524,库伦旗,district
211422,建昌县,district
211122,盘山县,district
211381,北票市,district
211002,白塔区,district
211004,宏伟区,district
152501,二连浩特市,district
150928,察哈尔右翼后旗,district
150626,乌审旗,district
150902,集宁区,district
150621,达拉特旗,district
150924,兴和县,district
140431,沁源县,district
140427,壶关县,district
140430,沁县,district
140621,山阴县,district
140723,和顺县,district
140502,城区,district
140423,襄垣县,district
140403,潞州区,district
140214,云冈区,district
140981,原平市,district
140821,临猗县,district
140829,平陆县,district
140882,河津市,district
140823,闻喜县,district
130205,开平区,district
130131,平山县,district
130202,路南区,district
130125,行唐县,district
130109,藁城区,district
141127,岚县,district
141128,方山县,district
130523,内丘县,district
130481,武安市,district
130522,临城县,district
130524,柏乡县,district
130225,乐亭县,district
130229,玉田县,district
130826,丰宁满族自治县,district
131025,大城县,district
130731,涿鹿县,district
130981,泊头市,district
130802,双桥区,district
131082,三河市,district
131028,大厂回族自治县,district
130727,阳原县,district
130828,围场满族蒙古族自治县,district
130902,新华区,district
130709,崇礼区,district
130702,桥东区,district
130609,徐水区,district
120115,宝坻区,district
120117,宁河区,district
120113,北辰区,district
110115,大兴区,district
110119,延庆区,district
120103,河西区,district
110105,朝阳区,district
110108,海淀区,district
110111,房山区,district
110114,昌平区,district
350000,福建省,province
330000,浙江省,province
659005,北屯市,city
659009,昆玉市,city
522600,黔东南苗族侗族自治州,city
620800,平凉市,city
532800,西双版纳傣族自治州,city
620900,酒泉市,city
520200,六盘水市,city
542500,阿里地区,city
520300,遵义市,city
530300,曲靖市,city
610600,延安市,city
620100,兰州市,city
620300,金昌市,city
450500,北海市,city
469021,定安县,city
440700,江门市,city
451200,河池市,city
440300,深圳市,city
440500,汕头市,city
450800,贵港市,city
451000,百色市,city
510800,广元市,city
441900,东莞市,city
420900,孝感市,city
410100,郑州市,city
431200,怀化市,city
433100,湘西土家族苗族自治州,city
361000,抚州市,city
350100,福州市,city
410400,平顶山市,city
410700,新乡市,city
411200,三门峡市,city
411500,信阳市,city
360600,鹰潭市,city
350400,三明市,city
330900,舟山市,city
341600,亳州市,city
211400,葫芦岛市,city
130100,石家庄市,city
130200,唐山市,city
150500,通辽市,city
210400,抚顺市,city
130400,邯郸市,city
130500,邢台市,city
150700,呼伦贝尔市,city
210900,阜新市,city
211000,辽阳市,city
331000,台州市,city
320500,苏州市,city
320800,淮安市,city
320900,盐城市,city
220600,白山市,city
820005,风顺堂区,district
810005,油尖旺区,district
652926,拜城县,district
653022,阿克陶县,district
654201,塔城市,district
653124,泽普县,district
654026,昭苏县,district
652924,沙雅县,district
654002,伊宁市,district
650502,伊州区,district
650202,独山子区,district
652324,玛纳斯县,district
652325,奇台县,district
632822,都兰县,district
632723,称多县,district
620105,安宁区,district
632625,久治县,district
632802,德令哈市,district
630123,湟源县,district
632522,同德县,district
630202,乐都区,district
654325,青河县,district
640502,沙坡头区,district
640521,中宁县,district
622925,和政县,district
621024,合水县,district
620725,山丹县,district
620423,景泰县,district
620826,静宁县,district
620524,武山县,district
621002,西峰区,district
620702,甘州区,district
610702,汉台区,district
610428,长武县,district
610582,华阴市,district
610503,华州区,district
610727,略阳县,district
610527,白水县,district
610302,渭滨区,district
623026,碌曲县,district
610822,府谷县,district
610926,平利县,district
610927,镇坪县,district
611002,商州区,district
610828,佳县,district
530128,禄劝彝族苗族自治县,district
530427,新平彝族傣族自治县,district
530102,五华区,district
530624,大关县,district
540525,曲松县,district
540623,聂荣县,district
540621,嘉黎县,district
540527,洛扎县,district
533323,福贡县,district
520122,息烽县,district
532901,大理市,district
532623,西畴县,district
520102,南明区,district
520111,花溪区,district
520113,白云区,district
532927,巍山彝族回族自治县,district
530721,玉龙纳西族自治县,district
530821,宁洱哈尼族彝族自治县,district
530822,墨江哈尼族自治县,district
532527,泸西县,district
530829,西盟佤族自治县,district
532329,武定县,district
520623,石阡县,district
520603,万山区,district
522301,兴义市,district
520403,平坝区,district
520602,碧江区,district
520502,七星关区,district
520324,正安县,district
510311,沿滩区,district
510683,绵竹市,district
510302,自流井区,district
510781,江油市,district
510681,广汉市,district
510185,简阳市,district
510184,崇州市,district
522732,三都水族自治县,district
511623,邻水县,district
511525,高县,district
511504,叙州区,district
511421,仁寿县,district
511524,长宁县,district
510981,射洪市,district
511111,沙湾区,district
511304,嘉陵区,district
510824,苍溪县,district
511113,金口河区,district
511124,井研县,district
513434,越西县,district
513432,喜德县,district
500104,大渡口区,district
513430,金阳县,district
500118,永川区,district
513435,甘洛县,district
513330,德格县,district
513337,稻城县,district
513225,九寨沟县,district
513226,金川县,district
513333,色达县,district
513230,壤塘县,district
513323,丹巴县,district
513201,马尔康市,district
450330,平乐县,district
450403,万秀区,district
450422,藤县,district
450703,钦北区,district
450204,柳南区,district
460301,西沙区,district
450109,邕宁区,district
450110,武鸣区,district
450226,三江侗族自治县,district
500235,云阳县,district
500236,奉节县,district
500238,巫溪县,district
460204,天涯区,district
440115,南沙区,district
440117,从化区,district
440204,浈江区,district
440232,乳源瑶族自治县,district
450903,福绵区,district
451223,凤山县,district
451229,大化瑶族自治县,district
451102,八步区,district
451026,那坡县,district
450803,港南区,district
451323,武宣县,district
450804,覃塘区,district
441224,怀集县,district
441226,德庆县,district
441521,海丰县,district
441803,清新区,district
441602,源城区,district
440881,廉江市,district
440512,濠江区,district
440825,徐闻县,district
430421,衡阳县,district
430481,耒阳市,district
430523,邵阳县,district
430281,醴陵市,district
430202,荷塘区,district
445303,云安区,district
441881,英德市,district
445102,湘桥区,district
431222,沅陵县,district
433122,泸溪县,district
420113,汉南区,district
420102,江岸区,district
431224,溆浦县,district
420103,江汉区,district
431123,双牌县,district
430681,汨罗市,district
430802,永定区,district
430922,桃江县,district
430702,武陵区,district
420984,汉川市,district
421003,荆州区,district
420581,宜都市,district
420881,钟祥市,district
420583,枝江市,district
420902,孝南区,district
420921,孝昌县,district
420802,东宝区,district
410122,中牟县,district
410222,通许县,district
410102,中原区,district
421181,麻城市,district
422823,巴东县,district
422826,咸丰县,district
421122,红安县,district
421125,浠水县,district
421127,黄梅县,district
410703,卫滨区,district
410727,封丘县,district
410725,原阳县,district
410325,嵩县,district
410327,宜阳县,district
410482,汝州市,district
410502,文峰区,district
410381,偃师区,district
410411,湛河区,district
411425,虞城县,district
411324,镇平县,district
411325,内乡县,district
411403,睢阳区,district
410922,清丰县,district
411302,宛城区,district
410882,沁阳市,district
370306,周村区,district
370503,河口区,district
370685,招远市,district
370403,薛城区,district
370687,海阳市,district
370702,潍城区,district
370213,李沧区,district
370124,平阴县,district
411728,遂平县,district
370283,平度市,district
370285,莱西市,district
371425,齐河县,district
371525,冠县,district
371426,平原县,district
371623,无棣县,district
371329,临沭县,district
371502,东昌府区,district
371424,临邑县,district
370786,昌邑市,district
371121,五莲县,district
371302,兰山区,district
370704,坊子区,district
370725,昌乐县,district
370782,诸城市,district
360824,新干县,district
360724,上犹县,district
360430,彭泽县,district
360825,永丰县,district
360482,共青城市,district
360828,万安县,district
360781,瑞金市,district
360428,都昌县,district
360111,青山湖区,district
360112,新建区,district
371724,巨野县,district
360423,武宁县,district
350203,思明区,district
350181,福清市,district
361002,临川区,district
350102,鼓楼区,district
361022,黎川县,district
360881,井冈山市,district
360921,奉新县,district
350603,龙文区,district
350823,上杭县,district
350724,松溪县,district
350429,泰宁县,district
350421,明溪县,district
340405,八公山区,district
340406,潘集区,district
340503,花山区,district
340223,南陵县,district
340323,固镇县,district
350924,寿宁县,district
340202,镜湖区,district
350922,古田县,district
341324,泗县,district
341523,舒城县,district
341623,利辛县,district
340882,潜山市,district
341203,颍东区,district
341221,临泉县,district
341103,南谯区,district
330604,上虞区,district
330726,浦江县,district
330421,嘉善县,district
330624,新昌县,district
330328,文成县,district
330212,鄞州区,district
330303,龙湾区,district
330112,临安区,district
330182,建德市,district
330902,定海区,district
330802,柯城区,district
330825,龙游县,district
320311,泉山区,district
320206,惠山区,district
320214,新吴区,district
320115,江宁区,district
331023,天台县,district
321311,宿豫区,district
310116,金山区,district
230104,道外区,district
310109,虹口区,district
321202,海陵区,district
321302,宿城区,district
320921,响水县,district
320703,连云区,district
320923,阜宁县,district
321003,邗江区,district
230422,绥滨县,district
230606,大同区,district
230506,宝山区,district
230803,向阳区,district
230751,金林区,district
230603,龙凤区,district
230407,兴山区,district
230404,南山区,district
230112,阿城区,district
230206,富拉尔基区,district
220204,船营区,district
220581,梅河口市,district
220781,扶余市,district
220802,洮北区,district
222426,安图县,district
220882,大安市,district
231004,爱民区,district
230826,桦川县,district
231224,庆安县,district
210604,振安区,district
210422,新宾满族自治县,district
210903,新邱区,district
210905,清河门区,district
210213,金州区,district
210181,新民市,district
210204,沙河口区,district
210106,铁西区,district
150430,敖汉旗,district
150222,固阳县,district
150403,元宝山区,district
150421,阿鲁科尔沁旗,district
150523,开鲁县,district
150303,海南区,district
150581,霍林郭勒市,district
211421,绥中县,district
211322,建平县,district
211204,清河区,district
211402,连山区,district
211102,双台子区,district
211224,昌图县,district
152222,科尔沁右翼中旗,district
152922,阿拉善右旗,district
152527,太仆寺旗,district
140105,小店区,district
152523,苏尼特左旗,district
150726,新巴尔虎左旗,district
150925,凉城县,district
150784,额尔古纳市,district
150822,磴口县,district
150702,海拉尔区,district
150782,牙克石市,district
150721,阿荣旗,district
140702,榆次区,district
140703,太谷区,district
140223,广灵县,district
140406,潞城区,district
140225,浑源县,district
140321,平定县,district
141022,翼城县,district
140924,繁峙县,district
140922,五台县,district
130132,元氏县,district
130123,正定县,district
130110,鹿泉区,district
130127,高邑县,district
141121,文水县,district
130104,桥西区,district
141126,石楼县,district
141030,大宁县,district
141031,隰县,district
130533,威县,district
130602,竞秀区,district
130606,莲池区,district
130506,南和区,district
130430,邱县,district
130426,涉县,district
130423,临漳县,district
131023,永清县,district
131002,安次区,district
130921,沧县,district
130632,安新县,district
130684,高碑店市,district
130703,桥西区,district
130626,定兴县,district
130706,下花园区,district
120116,滨海新区,district
110101,东城区,district
110117,平谷区,district
131121,枣强县,district
820000,澳门特别行政区,province
610000,陕西省,province
640000,宁夏回族自治区,province
540000,西藏自治区,province
460000,海南省,province
430000,湖南省,province
420000,湖北省,province
653000,克孜勒苏柯尔克孜自治州,city
640200,石嘴山市,city
652800,巴音郭楞蒙古自治州,city
659004,五家渠市,city
659006,铁门关市,city
120000,天津市,province
610700,汉中市,city
522300,黔西南布依族苗族自治州,city
532600,文山壮族苗族自治州,city
532900,大理白族自治州,city
533300,怒江傈僳族自治州,city
540600,那曲市,city
230000,黑龙江省,province
210000,辽宁省,province
621100,定西市,city
530100,昆明市,city
622900,临夏回族自治州,city
530400,玉溪市,city
610400,咸阳市,city
620200,嘉峪关市,city
469028,陵水黎族自治县,city
511100,乐山市,city
460200,三亚市,city
450400,梧州市,city
511700,达州市,city
469022,屯昌县,city
451400,崇左市,city
440800,湛江市,city
420500,宜昌市,city
445300,云浮市,city
430200,株洲市,city
430600,岳阳市,city
370300,淄博市,city
370500,东营市,city
370600,烟台市,city
411100,漯河市,city
419001,济源市,city
360500,新余市,city
350200,厦门市,city
330800,衢州市,city
330200,宁波市,city
341200,阜阳市,city
140700,晋中市,city
140800,运城市,city
130700,张家口市,city
130800,承德市,city
820001,花地玛堂区,district
230800,佳木斯市,city
320600,南通市,city
231200,绥化市,city
220200,吉林市,city
230400,鹤岗市,city
650102,天山区,district
810004,南区,district
810009,观塘区,district
653130,巴楚县,district
653024,乌恰县,district
653123,英吉沙县,district
653227,民丰县,district
652327,吉木萨尔县,district
650421,鄯善县,district
650522,伊吾县,district
511923,平昌县,district
652701,博乐市,district
652826,焉耆回族自治县,district
650203,克拉玛依区,district
650205,乌尔禾区,district
632823,天峻县,district
620103,七里河区,district
620102,城关区,district
632725,囊谦县,district
640323,盐池县,district
640324,同心县,district
654224,托里县,district
640221,平罗县,district
620923,肃北蒙古族自治县,district
620802,崆峒区,district
620822,灵台县,district
620503,麦积区,district
620521,清水县,district
620525,张家川回族自治县,district
620623,天祝藏族自治县,district
610523,大荔县,district
610703,南郑区,district
610429,旬邑县,district
610431,武功县,district
610481,兴平市,district
610628,富县,district
610629,洛川县,district
610482,彬州市,district
610681,子长市,district
610425,礼泉县,district
610526,蒲城县,district
610403,杨陵区,district
610322,凤翔区,district
610324,扶风县,district
610202,王益区,district
610203,印台区,district
540221,南木林县,district
540231,定结县,district
540235,聂拉木县,district
540236,萨嘎县,district
540222,江孜县,district
610827,米脂县,district
610729,留坝县,district
530581,腾冲市,district
530302,麒麟区,district
530304,马龙区,district
530323,师宗县,district
540426,朗县,district
540624,安多县,district
540523,桑日县,district
542522,札达县,district
532625,马关县,district
520181,清镇市,district
532823,勐腊县,district
532929,云龙县,district
532323,牟定县,district
530925,双江拉祜族佤族布朗族傣族自治县,district
530926,耿马傣族佤族自治县,district
530902,临翔区,district
532331,禄丰市,district
522630,台江县,district
522628,锦屏县,district
522631,黎平县,district
510821,旺苍县,district
510422,盐边县,district
510403,西区,district
510812,朝天区,district
510802,利州区,district
510811,昭化区,district
510723,盐亭县,district
510623,中江县,district
510182,彭州市,district
510118,新津区,district
522726,独山县,district
522727,平塘县,district
522635,麻江县,district
522636,丹寨县,district
510104,锦江区,district
510181,都江堰市,district
511823,汉源县,district
511503,南溪区,district
511402,东坡区,district
511423,洪雅县,district
511321,南部县,district
510904,安居区,district
500115,长寿区,district
500105,江北区,district
500101,万州区,district
500153,荣昌区,district
500154,开州区,district
513433,冕宁县,district
513427,宁南县,district
513328,甘孜县,district
513329,新龙县,district
512021,安岳县,district
512022,乐至县,district
513233,红原县,district
450323,灵川县,district
450406,龙圩区,district
450502,海城区,district
450512,铁山港区,district
450125,上林县,district
500237,巫山县,district
460205,崖州区,district
440114,花都区,district
440203,武江区,district
440304,福田区,district
450902,玉州区,district
450921,容县,district
450923,博白县,district
450721,灵山县,district
451381,合山市,district
441625,东源县,district
441821,佛冈县,district
441203,鼎湖区,district
441621,紫金县,district
441622,龙川县,district
441402,梅江区,district
440781,台山市,district
440883,吴川市,district
440783,开平市,district
440511,金平区,district
440823,遂溪县,district
440604,禅城区,district
430503,大祥区,district
430623,华容县,district
430112,望城区,district
430181,浏阳市,district
430203,芦淞区,district
431228,芷江侗族自治县,district
431225,会同县,district
431121,祁阳市,district
431025,临武县,district
430724,临澧县,district
431026,汝城县,district
431081,资兴市,district
420804,掇刀区,district
420607,襄州区,district
420526,兴山县,district
420323,竹山县,district
420116,黄陂区,district
420203,西塞山区,district
410306,孟津区,district
410221,杞县,district
410311,洛龙区,district
410182,荥阳市,district
410303,西工区,district
421222,通城县,district
421121,团风县,district
422802,利川市,district
410782,辉县市,district
410404,石龙区,district
411328,唐河县,district
411525,固始县,district
411528,息县,district
411624,沈丘县,district
411303,卧龙区,district
411329,新野县,district
411602,川汇区,district
410923,南乐县,district
411122,临颍县,district
370686,栖霞市,district
370404,峄城区,district
370522,利津县,district
411723,平舆县,district
370302,淄川区,district
411702,驿城区,district
371324,兰陵县,district
371402,德城区,district
371581,临清市,district
371622,阳信县,district
371503,茌平区,district
370831,泗水县,district
371122,莒县,district
370921,宁阳县,district
370724,临朐县,district
360722,信丰县,district
360731,于都县,district
360502,渝水区,district
360603,余江区,district
360121,南昌县,district
350124,闽清县,district
360981,丰城市,district
360982,樟树市,district
361030,广昌县,district
361024,崇仁县,district
361103,广丰区,district
360926,铜鼓县,district
350723,光泽县,district
350624,诏安县,district
350425,大田县,district
350527,金门县,district
350481,永安市,district
350428,将乐县,district
350403,三元区,district
340521,当涂县,district
340404,谢家集区,district
340621,濉溪县,district
340311,淮上区,district
340504,雨山区,district
340104,蜀山区,district
341226,颍上县,district
341823,泾县,district
341322,萧县,district
341503,裕安区,district
341202,颍州区,district
341003,黄山区,district
340711,郊区,district
340828,岳西县,district
341126,凤阳县,district
330324,永嘉县,district
330481,海宁市,district
330211,镇海区,district
330205,江北区,district
330206,北仑区,district
331003,黄岩区,district
320305,贾汪区,district
320205,锡山区,district
320411,新北区,district
320583,昆山市,district
320114,雨花台区,district
331181,龙泉市,district
310117,松江区,district
310105,长宁区,district
310118,青浦区,district
320922,滨海县,district
320707,赣榆区,district
320723,灌云县,district
320623,如东县,district
320803,淮安区,district
320684,海门区,district
230723,汤旺县,district
230726,南岔县,district
230502,尖山区,district
230624,杜尔伯特蒙古族自治县,district
230406,东山区,district
230524,饶河县,district
230405,兴安区,district
230227,富裕县,district
220622,靖宇县,district
220602,浑江区,district
220605,江源区,district
220623,长白朝鲜族自治县,district
220502,东昌区,district
231025,林口县,district
232701,漠河市,district
231183,嫩江市,district
231221,望奎县,district
232721,呼玛县,district
230828,汤原县,district
231181,北安市,district
220112,双阳区,district
231083,海林市,district
232718,加格达奇区,district
210711,太和区,district
210902,海州区,district
210727,义县,district
210804,鲅鱼圈区,district
210404,望花区,district
210212,旅顺口区,district
210113,沈北新区,district
150205,石拐区,district
150102,新城区,district
150207,九原区,district
150522,科尔沁左翼后旗,district
150125,武川县,district
150426,翁牛特旗,district
150429,宁城县,district
211021,辽阳县,district
211324,喀喇沁左翼蒙古族自治县,district
211382,凌源市,district
211403,龙港区,district
211404,南票区,district
211282,开原市,district
211302,双塔区,district
211303,龙城区,district
211005,弓长岭区,district
152921,阿拉善左旗,district
152202,阿尔山市,district
150927,察哈尔右翼中旗,district
150785,根河市,district
150625,杭锦旗,district
150622,准格尔旗,district
150703,扎赉诺尔区,district
150723,鄂伦春自治旗,district
140522,阳城县,district
140524,陵川县,district
140428,长子县,district
140622,应县,district
140426,黎城县,district
140212,新荣区,district
141026,安泽县,district
140926,静乐县,district
141024,洪洞县,district
141029,乡宁县,district
140802,盐湖区,district
140824,稷山县,district
140826,绛县,district
140727,祁县,district
140781,介休市,district
140728,平遥县,district
140822,万荣县,district
130184,新乐市,district
141181,孝义市,district
130528,宁晋县,district
130530,新河县,district
130503,信都区,district
130427,磁县,district
130432,广平县,district
130407,肥乡区,district
130322,昌黎县,district
130402,邯山区,district
130827,宽城满族自治县,district
131024,香河县,district
130732,赤城县,district
130927,南皮县,district
130804,鹰手营子矿区,district
131026,文安县,district
130824,滦平县,district
130881,平泉市,district
130683,安国市,district
130725,尚义县,district
130681,涿州市,district
130628,高阳县,district
130708,万全区,district
130634,曲阳县,district
131122,武邑县,district
131125,安平县,district
110109,门头沟区,district
110112,通州区,district
500000,重庆市,province
520000,贵州省,province
510000,四川省,province
360000,江西省,province
652900,阿克苏地区,city
640500,中卫市,city
659008,可克达拉市,city
110000,北京市,province
610900,安康市,city
320000,江苏省,province
620400,白银市,city
632800,海西蒙古族藏族自治州,city
623000,甘南藏族自治州,city
610100,西安市,city
610200,铜川市,city
530800,普洱市,city
513200,阿坝藏族羌族自治州,city
460300,三沙市,city
511500,宜宾市,city
469002,琼海市,city
512000,资阳市,city
440100,广州市,city
440900,茂名市,city
450700,钦州市,city
450900,玉林市,city
451100,贺州市,city
421300,随州市,city
429004,仙桃市,city
441800,清远市,city
429021,神农架林区,city
421000,荆州市,city
430800,张家界市,city
410500,安阳市,city
371400,德州市,city
371600,滨州市,city
411400,商丘市,city
370800,济宁市,city
370900,泰安市,city
411700,驻马店市,city
330500,湖州市,city
330300,温州市,city
341300,宿州市,city
211300,朝阳市,city
621022,环县,district
150100,呼和浩特市,city
820002,花王堂区,district
140500,晋城市,city
320200,无锡市,city
231100,黑河市,city
321200,泰州市,city
331100,丽水市,city
652922,温宿县,district
621021,庆城县,district
810008,黄大仙区,district
810001,中西区,district
810003,东区,district
653224,洛浦县,district
653023,阿合奇县,district
653125,莎车县,district
650402,高昌区,district
652823,尉犁县,district
632324,河南蒙古族自治县,district
632521,共和县,district
632825,海西蒙古族藏族自治州直辖,district
632222,祁连县,district
632722,杂多县,district
632726,曲麻莱县,district
632821,乌兰县,district
640106,金凤区,district
630102,城东区,district
640303,红寺堡区,district
630103,城中区,district
654322,富蕴县,district
654326,吉木乃县,district
654225,裕民县,district
621222,文县,district
622921,临夏县,district
621227,徽县,district
622901,临夏市,district
621124,临洮县,district
621202,武都区,district
620502,秦州区,district
620825,庄浪县,district
620902,肃州区,district
620602,凉州区,district
620722,民乐县,district
620621,民勤县,district
620302,金川区,district
620403,平川区,district
610430,淳化县,district
610423,泾阳县,district
610122,蓝田县,district
540324,丁青县,district
540122,当雄县,district
540421,工布江达县,district
540102,城关区,district
540322,贡觉县,district
540225,拉孜县,district
610881,神木市,district
611021,洛南县,district
610921,汉阴县,district
610730,佛坪县,district
530127,嵩明县,district
530112,西山区,district
530402,红塔区,district
530303,沾益区,district
530114,呈贡区,district
530481,澄江市,district
540622,比如县,district
540602,色尼区,district
540423,墨脱县,district
532932,鹤庆县,district
532628,富宁县,district
533122,梁河县,district
533123,盈江县,district
532801,景洪市,district
520112,乌当区,district
532324,南华县,district
532325,姚安县,district
532301,楚雄市,district
532326,大姚县,district
530922,云县,district
530826,江城哈尼族彝族自治县,district
522624,三穗县,district
522625,镇远县,district
522626,岑巩县,district
522633,从江县,district
520328,湄潭县,district
520327,凤冈县,district
510502,江阳区,district
510411,仁和区,district
522730,龙里县,district
522702,福泉市,district
522723,贵定县,district
510113,青白江区,district
511702,通川区,district
511724,大竹县,district
511528,兴文县,district
511802,雨城区,district
511824,石棉县,district
511424,丹棱县,district
511002,市中区,district
511011,东兴区,district
511302,顺庆区,district
511123,犍为县,district
500116,江津区,district
500156,武隆区,district
500102,涪陵区,district
500231,垫江县,district
513424,德昌县,district
513221,汶川县,district
513332,石渠县,district
513331,白玉县,district
513231,阿坝县,district
450328,龙胜各族自治县,district
450329,资源县,district
450303,叠彩区,district
450105,江南区,district
450205,柳北区,district
450206,柳江区,district
450202,城中区,district
460107,琼山区,district
460202,海棠区,district
440112,黄埔区,district
440308,盐田区,district
440106,天河区,district
440224,仁化县,district
451422,宁明县,district
440103,荔湾区,district
451226,环江毛南族自治县,district
440104,越秀区,district
451228,都安瑶族自治县,district
450722,浦北县,district
451022,田东县,district
451082,平果市,district
441403,梅县区,district
441502,城区,district
441225,封开县,district
441284,四会市,district
440523,南澳县,district
440606,顺德区,district
430482,常宁市,district
430422,衡南县,district
430602,岳阳楼区,district
430511,北塔区,district
430525,洞口县,district
430603,云溪区,district
430408,蒸湘区,district
430111,雨花区,district
445122,饶平县,district
430212,渌口区,district
430225,炎陵县,district
445281,普宁市,district
445302,云城区,district
441826,连南瑶族自治县,district
431129,江华瑶族自治县,district
420111,洪山区,district
431230,通道侗族自治县,district
430923,安化县,district
421002,沙市区,district
420702,梁子湖区,district
420704,鄂城区,district
420525,远安县,district
420981,应城市,district
420205,铁山区,district
420302,茅箭区,district
410105,金水区,district
410106,上街区,district
410204,鼓楼区,district
410185,登封市,district
421124,英山县,district
422801,恩施市,district
410522,安阳县,district
410328,洛宁县,district
410329,伊川县,district
410323,新安县,district
410402,新华区,district
411503,平桥区,district
411628,鹿邑县,district
411523,新县,district
411527,淮滨县,district
411321,南召县,district
411603,淮阳区,district
411281,义马市,district
411422,睢县,district
411103,郾城区,district
410926,范县,district
411121,舞阳县,district
370402,市中区,district
370611,福山区,district
370304,博山区,district
370406,山亭区,district
370481,滕州市,district
411724,正阳县,district
370281,胶州市,district
370104,槐荫区,district
371482,禹城市,district
371625,博兴县,district
371422,宁津县,district
371321,沂南县,district
370902,泰山区,district
370982,新泰市,district
371003,文登区,district
370705,奎文区,district
371102,东港区,district
360822,吉水县,district
360725,崇义县,district
360726,安远县,district
360732,兴国县,district
360426,德安县,district
371721,曹县,district
360202,昌江区,district
360302,安源区,district
371726,鄄城县,district
360424,修水县,district
371728,东明县,district
371703,定陶区,district
360103,西湖区,district
350205,海沧区,district
350123,罗源县,district
361124,铅山县,district
361102,信州区,district
361025,乐安县,district
360924,宜丰县,district
361104,广信区,district
350583,南安市,district
350622,云霄县,district
350623,漳浦县,district
350902,蕉城区,district
350781,邵武市,district
350503,丰泽区,district
350427,沙县区,district
350430,建宁县,district
340281,无为市,district
340523,和县,district
340603,相山区,district
340304,禹会区,district
340506,博望区,district
350923,屏南县,district
341802,宣州区,district
341525,霍山县,district
341881,宁国市,district
341622,蒙城县,district
340881,桐城市,district
340802,迎江区,district
341023,黟县,district
340811,宜秀区,district
341024,祁门县,district
341122,来安县,district
341124,全椒县,district
340827,望江县,district
340822,怀宁县,district
330522,长兴县,district
330381,瑞安市,district
330727,磐安县,district
331004,路桥区,district
330326,平阳县,district
330503,南浔区,district
330302,鹿城区,district
330304,瓯海区,district
330282,慈溪市,district
330110,余杭区,district
320602,崇川区,district
320509,吴江区,district
320282,宜兴市,district
331122,缙云县,district
320104,秦淮区,district
321182,扬中市,district
321203,高港区,district
321181,丹阳市,district
320925,建湖县,district
320981,东台市,district
230602,萨尔图区,district
230604,让胡路区,district
230229,克山县,district
230302,鸡冠区,district
230230,克东县,district
230381,虎林市,district
230111,呼兰区,district
230205,昂昂溪区,district
230113,双城区,district
220722,长岭县,district
222404,珲春市,district
210403,东洲区,district
231102,爱辉区,district
220105,二道区,district
220106,绿园区,district
230921,勃利县,district
210702,古塔区,district
210904,太平区,district
210504,明山区,district
210921,阜新蒙古族自治县,district
210811,老边区,district
210381,海城市,district
210402,新抚区,district
210111,苏家屯区,district
210123,康平县,district
150104,玉泉区,district
150424,林西县,district
211104,大洼区,district
211281,调兵山市,district
152223,扎赉特旗,district
152525,东乌珠穆沁旗,district
152529,正镶白旗,district
152221,科尔沁右翼前旗,district
150825,乌拉特后旗,district
150921,卓资县,district
140425,平顺县,district
140405,屯留区,district
140213,平城区,district
140121,清徐县,district
140222,天镇县,district
141023,襄汾县,district
141027,浮山县,district
140930,河曲县,district
140923,代县,district
130126,灵寿县,district
130128,深泽县,district
130105,新华区,district
141033,蒲县,district
130107,井陉矿区,district
141124,临县,district
141081,侯马市,district
130502,襄都区,district
130608,清苑区,district
130532,平乡县,district
130283,迁安市,district
130302,海港区,district
130303,山海关区,district
131022,固安县,district
130730,怀来县,district
131102,桃城区,district
130821,承德县,district
130822,兴隆县,district
130630,涞源县,district
130624,阜平县,district
130723,康保县,district
130637,博野县,district
130638,雄县,district
130623,涞水县,district
110102,西城区,district
120104,南开区,district
440000,广东省,province
370000,山东省,province
640100,银川市,city
632600,果洛藏族自治州,city
650500,哈密市,city
611000,商洛市,city
150000,内蒙古自治区,province
140000,山西省,province
450200,柳州市,city
511900,巴中市,city
511000,内江市,city
441200,肇庆市,city
510400,攀枝花市,city
420700,鄂州市,city
430300,湘潭市,city
431100,永州市,city
371000,威海市,city
361100,上饶市,city
410600,鹤壁市,city
411000,许昌市,city
371700,菏泽市,city
360700,赣州市,city
350700,南平市,city
350800,龙岩市,city
330600,绍兴市,city
340600,淮北市,city
340700,铜陵市,city
341700,池州市,city
340500,马鞍山市,city
820004,大堂区,district
210200,大连市,city
152900,阿拉善盟,city
211100,盘锦市,city
150800,巴彦淖尔市,city
220500,通化市,city
321000,扬州市,city
230300,鸡西市,city
230500,双鸭山市,city
230600,大庆市,city
230700,伊春市,city
650106,头屯河区,district
810016,沙田区,district
810013,北区,district
820008,圣方济各堂区,district
810002,湾仔区,district
652928,阿瓦提县,district
653223,皮山县,district
653131,塔什库尔干塔吉克自治县,district
653001,阿图什市,district
653101,喀什市,district
654025,新源县,district
652824,若羌县,district
652302,阜康市,district
650204,白碱滩区,district
632523,贵德县,district
632524,兴海县,district
632525,贵南县,district
632622,班玛县,district
620121,永登县,district
632624,达日县,district
640181,灵武市,district
640402,原州区,district
640424,泾源县,district
640105,西夏区,district
621223,宕昌县,district
623022,卓尼县,district
622924,广河县,district
621121,通渭县,district
621122,陇西县,district
620881,华亭市,district
620523,甘谷县,district
620982,敦煌市,district
620724,高台县,district
610581,韩城市,district
610603,安塞区,district
610622,延川县,district
610632,黄陵县,district
610525,澄城县,district
610304,陈仓区,district
610323,岐山县,district
610422,三原县,district
610112,未央区,district
610117,高陵区,district
540226,昂仁县,district
540232,仲巴县,district
540233,亚东县,district
540234,吉隆县,district
540237,岗巴县,district
540127,墨竹工卡县,district
540223,定日县,district
610824,靖边县,district
610925,岚皋县,district
611023,商南县,district
610728,镇巴县,district
610829,吴堡县,district
610922,石泉县,district
530423,通海县,district
530426,峨山彝族自治县,district
530626,绥江县,district
542524,日土县,district
540528,加查县,district
540530,错那县,district
520123,修文县,district
532532,河口瑶族自治县,district
532924,宾川县,district
532922,漾濞彝族自治县,district
520115,观山湖区,district
532928,永平县,district
532529,红河县,district
530627,镇雄县,district
530628,彝良县,district
530629,威信县,district
530824,景谷傣族彝族自治县,district
530921,凤庆县,district
530702,古城区,district
532501,个旧市,district
522327,册亨县,district
522622,黄平县,district
522623,施秉县,district
520624,思南县,district
522323,普安县,district
522629,剑河县,district
522632,榕江县,district
522634,雷山县,district
522328,安龙县,district
520302,红花岗区,district
510304,大安区,district
510402,东区,district
510421,米易县,district
510705,安州区,district
510726,北川羌族自治县,district
510727,平武县,district
510603,旌阳区,district
522722,荔波县,district
522731,惠水县,district
510112,龙泉驿区,district
522728,罗甸县,district
510105,青羊区,district
511822,荥经县,district
511602,广安区,district
511621,岳池县,district
511622,武胜县,district
511126,夹江县,district
511325,西充县,district
511523,江安县,district
511425,青神县,district
511024,威远县,district
500113,巴南区,district
513437,雷波县,district
500107,九龙坡区,district
500155,梁平区,district
500109,北碚区,district
513425,会理市,district
513327,炉霍县,district
513335,巴塘县,district
513325,雅江县,district
513232,若尔盖县,district
450405,长洲区,district
450421,苍梧县,district
450681,东兴市,district
450304,象山区,district
450503,银海区,district
450123,隆安县,district
450127,横州市,district
500241,秀山土家族苗族自治县,district
500242,酉阳土家族苗族自治县,district
460203,吉阳区,district
440282,南雄市,district
440305,南山区,district
440306,宝安区,district
440113,番禺区,district
440310,坪山区,district
440222,始兴县,district
451081,靖西市,district
451003,田阳区,district
451321,忻城县,district
450802,港北区,district
441781,阳春市,district
440902,茂南区,district
440608,高明区,district
440704,江海区,district
430304,岳塘区,district
430381,湘乡市,district
430524,隆回县,district
445222,揭西县,district
431202,鹤城区,district
433130,龙山县,district
433126,古丈县,district
431226,麻阳苗族自治县,district
431227,新晃侗族自治县,district
431302,娄星区,district
431022,宜章县,district
430722,汉寿县,district
430921,南县,district
430781,津市市,district
431028,安仁县,district
430981,沅江市,district
431102,零陵区,district
420703,华容区,district
421022,公安县,district
421023,监利市,district
420923,云梦县,district
420625,谷城县,district
420982,安陆市,district
420682,老河口市,district
420683,枣阳市,district
420117,新洲区,district
420303,张湾区,district
420115,江夏区,district
410203,顺河回族区,district
410212,祥符区,district
410104,管城回族区,district
421221,嘉鱼县,district
421123,罗田县,district
421281,赤壁市,district
421087,松滋市,district
421126,蕲春县,district
410726,延津县,district
410804,马村区,district
410724,获嘉县,district
410802,解放区,district
410423,鲁山县,district
410506,龙安区,district
411322,方城县,district
411522,光山县,district
411623,商水县,district
411524,商城县,district
411326,淅川县,district
411327,社旗县,district
370321,桓台县,district
370505,垦利区,district
370614,蓬莱区,district
370113,长清区,district
411726,泌阳县,district
411727,汝南县,district
370103,市中区,district
411721,西平县,district
411722,上蔡县,district
371603,沾化区,district
370983,肥城市,district
370812,兖州区,district
370832,梁山县,district
370826,微山县,district
370923,东平县,district
371083,乳山市,district
370784,安丘市,district
360821,吉安县,district
360704,赣县区,district
360723,大余县,district
360734,寻乌县,district
360826,泰和县,district
360829,安福县,district
360783,龙南市,district
360803,青原区,district
360402,濂溪区,district
360123,安义县,district
350128,平潭县,district
350121,闽侯县,district
361127,余干县,district
361003,东乡区,district
350103,台江区,district
360925,靖安县,district
350803,永定区,district
350821,长汀县,district
350681,龙海区,district
350824,武平县,district
350802,新罗区,district
350424,宁化县,district
350305,秀屿区,district
350504,洛江区,district
350303,涵江区,district
350304,荔城区,district
350524,安溪县,district
350526,德化县,district
350423,清流县,district
340321,怀远县,district
340421,凤台县,district
340604,烈山区,district
340705,铜官区,district
340706,义安区,district
340123,肥西县,district
340210,湾沚区,district
350926,柘荣县,district
341282,界首市,district
341302,埇桥区,district
341722,石台县,district
341222,太和县,district
340803,大观区,district
341102,琅琊区,district
330602,越城区,district
330702,婺城区,district
330521,德清县,district
330225,象山县,district
330105,拱墅区,district
330109,萧山区,district
320321,丰县,district
320324,睢宁县,district
320281,江阴市,district
320413,金坛区,district
331024,仙居县,district
331123,遂昌县,district
310115,浦东新区,district
220122,农安县,district
321204,姜堰区,district
321324,泗洪县,district
320924,射阳县,district
321081,仪征市,district
321084,高邮市,district
320804,淮阴区,district
320812,清江浦区,district
230503,岭东区,district
230521,集贤县,district
230208,梅里斯达斡尔族区,district
230281,讷河市,district
230184,五常市,district
230109,松北区,district
230110,香坊区,district
230221,龙江县,district
230382,密山市,district
222402,图们市,district
220721,前郭尔罗斯蒙古族自治县,district
222405,龙井市,district
220821,镇赉县,district
220621,抚松县,district
220702,宁江区,district
220422,东辽县,district
220503,二道江区,district
220382,双辽市,district
231085,穆棱市,district
230883,抚远市,district
230903,桃山区,district
210881,盖州市,district
210911,细河区,district
210423,清原满族自治县,district
210502,平山区,district
210522,桓仁满族自治县,district
210803,西市区,district
210602,元宝区,district
210682,凤城市,district
210304,立山区,district
210283,庄河市,district
150223,达尔罕茂明安联合旗,district
150425,克什克腾旗,district
150428,喀喇沁旗,district
150221,土默特右旗,district
211221,铁岭县,district
211321,朝阳县,district
152526,西乌珠穆沁旗,district
152522,阿巴嘎旗,district
150929,四子王旗,district
150824,乌拉特中旗,district
150783,扎兰屯市,district
150722,莫力达瓦达斡尔族自治旗,district
150724,鄂温克族自治旗,district
150725,陈巴尔虎旗,district
140521,沁水县,district
140429,武乡县,district
140722,左权县,district
140311,郊区,district
140122,阳曲县,district
140322,盂县,district
140215,云州区,district
140110,晋源区,district
140302,城区,district
141002,尧都区,district
141028,吉县,district
141025,古县,district
140925,宁武县,district
140725,寿阳县,district
140827,垣曲县,district
140729,灵石县,district
140828,夏县,district
140902,忻府区,district
141102,离石区,district
141182,汾阳市,district
141034,汾西县,district
141129,中阳县,district
130529,巨鹿县,district
130435,曲周县,district
130505,任泽区,district
130227,迁西县,district
130408,永年区,district
130433,馆陶县,district
130281,遵化市,district
130424,成安县,district
130304,北戴河区,district
130728,怀安县,district
130930,孟村回族自治县,district
130982,任丘市,district
131081,霸州市,district
130928,吴桥县,district
131003,广阳区,district
130633,易县,district
130627,唐县,district
120114,武清区,district
131123,武强县,district
110107,石景山区,district
131127,景县,district
810000,香港特别行政区,province
640300,吴忠市,city
630100,西宁市,city
654300,阿勒泰地区,city
659007,双河市,city
632200,海北藏族自治州,city
650100,乌鲁木齐市,city
650200,克拉玛依市,city
652300,昌吉回族自治州,city
610800,榆林市,city
540100,拉萨市,city
532300,楚雄彝族自治州,city
532500,红河哈尼族彝族自治州,city
520100,贵阳市,city
621000,庆阳市,city
530500,保山市,city
469029,保亭黎族苗族自治县,city
511600,广安市,city
469001,五指山市,city
450300,桂林市,city
511800,雅安市,city
440200,韶关市,city
510600,德阳市,city
441400,梅州市,city
421200,咸宁市,city
422800,恩施土家族苗族自治州,city
429005,潜江市,city
442000,中山市,city
429006,天门市,city
445200,揭阳市,city
431300,娄底市,city
371500,聊城市,city
360300,萍乡市,city
350500,泉州市,city
350300,莆田市,city
341000,黄山市,city
341100,滁州市,city
340200,芜湖市,city
150200,包头市,city
152500,锡林郭勒盟,city
210600,丹东市,city
140100,太原市,city
131000,廊坊市,city
150600,鄂尔多斯市,city
140200,大同市,city
320300,徐州市,city
220700,松原市,city
220800,白城市,city
320100,南京市,city
650104,新市区,district
810018,离岛区,district
810017,葵青区,district
650109,米东区,district
810012,元朗区,district
810006,深水埗区,district
654004,霍尔果斯市,district
653201,和田市,district
653121,疏附县,district
653122,疏勒县,district
652328,木垒哈萨克自治县,district
652827,和静县,district
652901,阿克苏市,district
632301,同仁市,district
640121,永宁县,district
623024,迭部县,district
640422,西吉县,district
640205,惠农区,district
622927,积石山保安族东乡族撒拉族自治县,district
620422,会宁县,district
620924,阿克塞哈萨克族自治县,district
620921,金塔县,district
620723,临泽县,district
610625,志丹县,district
610626,吴起县,district
610723,洋县,district
610621,延长县,district
610630,宜川县,district
610631,黄龙县,district
610522,潼关县,district
610328,千阳县,district
610113,雁塔区,district
610116,长安区,district
623025,玛曲县,district
610124,周至县,district
610331,太白县,district
540326,八宿县,district
540224,萨迦县,district
540328,芒康县,district
611025,镇安县,district
610929,白河县,district
610830,清涧县,district
610802,榆阳区,district
530381,宣威市,district
530111,官渡区,district
540502,乃东区,district
542526,改则县,district
540521,扎囊县,district
540526,措美县,district
540522,贡嘎县,district
540425,察隅县,district
540524,琼结县,district
532930,洱源县,district
532627,广南县,district
533324,贡山独龙族怒族自治县,district
533301,泸水市,district
533422,德钦县,district
520103,云岩区,district
532926,南涧彝族自治县,district
530828,澜沧拉祜族自治县,district
532503,蒙自市,district
532327,永仁县,district
530823,景东彝族自治县,district
532502,开远市,district
520625,印江土家族苗族自治县,district
522627,天柱县,district
520621,江口县,district
520525,纳雍县,district
520424,关岭布依族苗族自治县,district
520304,播州区,district
520523,金沙县,district
510703,涪城区,district
510524,叙永县,district
510525,古蔺县,district
510106,金牛区,district
510107,武侯区,district
511826,芦山县,district
511725,渠县,district
511803,名山区,district
511781,万源市,district
511603,前锋区,district
511922,南江县,district
511526,珙县,district
511723,开江县,district
511129,沐川县,district
511132,峨边彝族自治县,district
511403,彭山区,district
511502,翠屏区,district
510822,青川县,district
511303,高坪区,district
511112,五通桥区,district
513436,美姑县,district
513428,普格县,district
500152,潼南区,district
500117,合川区,district
500103,渝中区,district
500120,璧山区,district
500110,綦江区,district
500112,渝北区,district
513301,康定市,district
513334,理塘县,district
513401,西昌市,district
450324,全州县,district
450521,合浦县,district
450325,兴安县,district
450602,港口区,district
450603,防城区,district
460302,南沙区,district
450107,西乡塘区,district
500240,石柱土家族自治县,district
440205,曲江区,district
440233,新丰县,district
451224,东兰县,district
451481,凭祥市,district
451227,巴马瑶族自治县,district
451322,象州县,district
451103,平桂区,district
451122,钟山县,district
451030,西林县,district
451402,江州区,district
441422,大埔县,district
441426,平远县,district
441721,阳西县,district
441523,陆河县,district
441802,清城区,district
441302,惠城区,district
440882,雷州市,district
440803,霞山区,district
440904,电白区,district
440784,鹤山市,district
430302,雨湖区,district
430611,君山区,district
430621,岳阳县,district
430424,衡东县,district
430382,韶山市,district
430412,南岳区,district
430211,天元区,district
430121,长沙县,district
441823,阳山县,district
441825,连山壮族瑶族自治县,district
445322,郁南县,district
420107,青山区,district
431382,涟源市,district
431221,中方县,district
431229,靖州苗族侗族自治县,district
433125,保靖县,district
420105,汉阳区,district
431321,双峰县,district
431322,新化县,district
431021,桂阳县,district
430721,安乡县,district
431126,宁远县,district
430811,武陵源区,district
431002,北湖区,district
420582,当阳市,district
420602,襄城区,district
421081,石首市,district
420606,樊城区,district
420624,南漳县,district
420528,长阳土家族自治县,district
420684,宜城市,district
420304,郧阳区,district
420222,阳新县,district
420381,丹江口市,district
410304,瀍河回族区,district
410184,新郑市,district
410205,禹王台区,district
410202,龙亭区,district
421381,广水市,district
421182,武穴市,district
410603,山城区,district
410821,修武县,district
410611,淇滨区,district
410621,浚县,district
410702,红旗区,district
410783,长垣市,district
410523,汤阴县,district
410503,北关区,district
410421,宝丰县,district
410422,叶县,district
410324,栾川县,district
411381,邓州市,district
411421,民权县,district
411323,西峡县,district
411481,永城市,district
410928,濮阳县,district
411082,长葛市,district
410927,台前县,district
411024,鄢陵县,district
411202,湖滨区,district
411221,渑池县,district
370405,台儿庄区,district
370305,临淄区,district
370115,济阳区,district
370126,商河县,district
370116,莱芜区,district
370303,张店区,district
371481,乐陵市,district
371325,费县,district
371327,莒南县,district
371526,高唐县,district
371322,郯城县,district
370830,汶上县,district
371103,岚山区,district
371002,环翠区,district
371082,荣成市,district
370828,金乡县,district
360728,定南县,district
360483,庐山市,district
360703,南康区,district
360602,月湖区,district
371723,成武县,district
360313,湘东区,district
360322,上栗县,district
360102,东湖区,district
350206,湖里区,district
361027,金溪县,district
361126,弋阳县,district
361181,德兴市,district
360902,袁州区,district
361023,南丰县,district
361123,玉山县,district
350627,南靖县,district
350602,芗城区,district
350721,顺昌县,district
350881,漳平市,district
350502,鲤城区,district
350302,城厢区,district
350322,仙游县,district
340302,龙子湖区,district
340303,蚌山区,district
340181,巢湖市,district
340111,包河区,district
340121,长丰县,district
340209,弋江区,district
350981,福安市,district
341824,绩溪县,district
341702,贵池区,district
341602,谯城区,district
341882,广德市,district
330102,上城区,district
341504,叶集区,district
341522,霍邱县,district
341022,休宁县,district
340722,枞阳县,district
330327,苍南县,district
330305,洞头区,district
330603,柯桥区,district
330681,诸暨市,district
330424,海盐县,district
330213,奉化区,district
330114,钱塘区,district
330226,宁海县,district
330108,滨江区,district
330881,江山市,district
320506,吴中区,district
320382,邳州市,district
320302,鼓楼区,district
320111,浦口区,district
331022,三门县,district
320102,玄武区,district
310101,黄浦区,district
321002,广陵区,district
320722,东海县,district
320612,通州区,district
320902,亭湖区,district
230724,丰林县,district
230421,萝北县,district
230725,大箐山县,district
230522,友谊县,district
230183,尚志市,district
230303,恒山区,district
230305,梨树区,district
230306,城子河区,district
230108,平房区,district
230321,鸡东县,district
230223,依安县,district
230207,碾子山区,district
220184,公主岭市,district
220203,龙潭区,district
222406,和龙市,district
220211,丰满区,district
220582,集安市,district
210102,和平区,district
210105,皇姑区,district
220822,通榆县,district
220681,临江市,district
220183,德惠市,district
222401,延吉市,district
231005,西安区,district
231124,孙吴县,district
220102,南关区,district
231182,五大连池市,district
231225,明水县,district
231281,安达市,district
230902,新兴区,district
210802,站前区,district
210505,南芬区,district
210521,本溪满族自治县,district
210224,长海县,district
210202,中山区,district
210323,岫岩满族自治县,district
210211,甘井子区,district
150105,赛罕区,district
150525,奈曼旗,district
150423,巴林右旗,district
150203,昆都仑区,district
211481,兴城市,district
211081,灯塔市,district
211202,银州区,district
210922,彰武县,district
152524,苏尼特右旗,district
152530,正蓝旗,district
152224,突泉县,district
150981,丰镇市,district
152201,乌兰浩特市,district
150802,临河区,district
150823,乌拉特前旗,district
150627,伊金霍洛旗,district
150923,商都县,district
150781,满洲里市,district
140623,右玉县,district
140681,怀仁市,district
140721,榆社县,district
140123,娄烦县,district
140109,万柏林区,district
140932,偏关县,district
140825,新绛县,district
140830,芮城县,district
130207,丰南区,district
141122,交城县,district
130102,长安区,district
141123,兴县,district
141130,交口县,district
141032,永和县,district
141082,霍州市,district
130531,广宗县,district
130534,清河县,district
130582,沙河市,district
130425,大名县,district
130224,滦南县,district
130923,东光县,district
130924,海兴县,district
130803,双滦区,district
130983,黄骅市,district
130929,献县,district
130631,望都县,district
130635,蠡县,district
130682,定州市,district
130724,沽源县,district
120106,红桥区,district
110116,怀柔区,district
110118,密云区,district
131124,饶阳县,district
110113,顺义区,district
330251,大榭开发区,district
330252,杭州湾新区,district